Workbook

Sheet 🚨 Checklist Risques
A1: ID | B1: Question (Êtes-vous concerné si...) | C1: Réponse | D1: Score | E1: Actions recommandées
A2: Q1 | B2: Utilisez-vous des systèmes d'IA pour le recrutement ou l'évaluation des candidats ? | D2: =SI(C2="Oui";3;SI(C2="Peut-être";1;0)) | E2: Haut risque - Documentation complète requise
A3: Q2 | B3: Avez-vous des outils d'IA qui analysent les émotions ou le comportement des employés ? | D3: =SI(C3="Oui";3;SI(C3="Peut-être";1;0)) | E3: Potentiellement interdit - Analyse juridique urgente
A4: Q3 | B4: Utilisez-vous des chatbots ou assistants IA en contact avec vos clients ? | D4: =SI(C4="Oui";3;SI(C4="Peut-être";1;0)) | E4: Risque limité - Obligation de transparence
A5: Q4 | B5: Vos systèmes d'IA prennent-ils des décisions automatisées sur des crédits ou assurances ? | D5: =SI(C5="Oui";3;SI(C5="Peut-être";1;0)) | E5: Haut risque - Supervision humaine obligatoire
A6: Q5 | B6: Utilisez-vous l'IA pour la vidéosurveillance ou la reconnaissance faciale ? | D6: =SI(C6="Oui";3;SI(C6="Peut-être";1;0)) | E6: Potentiellement interdit - Vérification requise
A7: Q6 | B7: Avez-vous des systèmes d'IA intégrés dans des produits de sécurité (machines, véhicules) ? | D7: =SI(C7="Oui";3;SI(C7="Peut-être";1;0)) | E7: Haut risque - Certification CE requise
A8: Q7 | B8: Utilisez-vous des outils d'IA générative (ChatGPT, DALL-E, etc.) dans vos processus ? | D8: =SI(C8="Oui";3;SI(C8="Peut-être";1;0)) | E8: Risque limité - Transparence sur contenu généré
A9: Q8 | B9: Vos systèmes d'IA influencent-ils l'accès aux services publics essentiels ? | D9: =SI(C9="Oui";3;SI(C9="Peut-être";1;0)) | E9: Haut risque - Évaluation d'impact obligatoire
A10: Q9 | B10: L'IA est-elle utilisée pour noter ou évaluer des élèves/étudiants ? | D10: =SI(C10="Oui";3;SI(C10="Peut-être";1;0)) | E10: Haut risque - Documentation pédagogique requise
A11: Q10 | B11: Utilisez-vous l'IA pour la modération de contenu sur vos plateformes ? | D11: =SI(C11="Oui";3;SI(C11="Peut-être";1;0)) | E11: Risque limité - Procédures de recours nécessaires
A12: Q11 | B12: Vos fournisseurs vous ont-ils transmis la documentation AI Act de leurs outils ? | D12: =SI(C12="Oui";3;SI(C12="Peut-être";1;0)) | E12: Action : Contacter tous les fournisseurs IA
A13: Q12 | B13: Avez-vous un inventaire complet de tous vos systèmes d'IA ? | D13: =SI(C13="Oui";3;SI(C13="Peut-être";1;0)) | E13: Action : Créer un registre exhaustif
... A16: Q15 | B16: Avez-vous un processus de mise à jour pour suivre les évolutions réglementaires ? | D16: =SI(C16="Oui";3;SI(C16="Peut-être";1;0)) | E16: Action : Mettre en place une veille juridique
B17: SCORE TOTAL DE RISQUE | D17: =SOMME(D2:D16)

Sheet 📊 Résultats Auto
A1: ANALYSE AUTOMATIQUE DE VOTRE NIVEAU DE RISQUE AI ACT
A3: Nombre de 'Oui' | D3: =NB.SI('🚨 Checklist Risques'!C2:C16;"Oui")
A4: Nombre de 'Peut-être' | D4: =NB.SI('🚨 Checklist Risques'!C2:C16;"Peut-être")
A5: Nombre de 'Non' | D5: =NB.SI('🚨 Checklist Risques'!C2:C16;"Non")
A6: Questions sans réponse | D6: =NB.SI.ENS('🚨 Checklist Risques'!C2:C16;"<>Oui";'🚨 Checklist Risques'!C2:C16;"<>Non";'🚨 Checklist Risques'!C2:C16;"<>Peut-être")
A8: SCORE TOTAL | D8: ='🚨 Checklist Risques'!D17
A10: VOTRE NIVEAU DE RISQUE | D10: =SI(D7>=30;"🔴 CRITIQUE - Action immédiate requise";SI(D7>=20;"🟠 ÉLEVÉ - Plan d'action sous 30 jours";SI(D7>=10;"🟡 MODÉRÉ - Surveillance recommandée";"🟢 FAIBLE - Maintenir la veille")))
A12: INTERPRÉTATION DES SCORES
A13: 🟢 0-9 points | B13: Risque faible. Continuez votre veille réglementaire.
A14: 🟡 10-19 points | B14: Risque modéré. Initiez un diagnostic approfondi.
A15: 🟠 20-29 points | B15: Risque élevé. Plan d'action dans les 30 jours.
A16: 🔴 30+ points | B16: Risque critique. Mobilisation immédiate nécessaire.

Sheet 📖 Guide
A1: GUIDE D'UTILISATION - CHECKLIST AI ACT
A3: COMMENT UTILISER CETTE CHECKLIST ?
A5: 1️⃣ Allez dans l'onglet '🚨 Checklist Risques'
A6: 2️⃣ Pour chaque question, sélectionnez 'Oui', 'Non' ou 'Peut-être' dans la colonne C
A7: 3️⃣ Le score se calcule automatiquement (Oui = 3pts, Peut-être = 1pt, Non = 0pt)
A8: 4️⃣ Consultez l'onglet '📊 Résultats Auto' pour voir votre niveau de risque
A10: À PROPOS DE L'AI ACT
A12: L'AI Act est le règlement européen sur l'intelligence artificielle.
A13: Il classe les systèmes d'IA en 4 catégories de risque :
A14: • Risque inacceptable (interdit)
A15: • Haut risque (réglementé strictement)
A16: • Risque limité (obligations de transparence)
... A30: → Plan d'action 90 jours pour organiser votre mise en conformité
